{
  "modelo": "Ensemble v2 (XGBoost + LightGBM)",
  "version": "2.0",
  "pesos": {
    "xgboost": 0.5000000000000001,
    "lightgbm": 0.4999999999999999
  },
  "mae": 1.623014089177585,
  "r2": 0.7303068398257057,
  "mape": 69.5474649128312
}